agentToken,from_account,to_account
eyJhbGciOiJIUzI1NiIsInR5cCI6IkpXVCJ9.eyJpZGVudGlmaWVyIjoicml5YWRuYWhpbjErYWdlbnQxQGdtYWlsLmNvbSIsInJvbGUiOiJBZ2VudCIsImlhdCI6MTc3OTU2NDQyOCwiZXhwIjoxNzc5NjUwODI4fQ.SORGlZ2IxoKNOPllu_qeTt1hN79NgY5GuGzX60cxzkc,01700000001,01700000006,
eyJhbGciOiJIUzI1NiIsInR5cCI6IkpXVCJ9.eyJpZGVudGlmaWVyIjoicml5YWRuYWhpbjErYWdlbnQxQGdtYWlsLmNvbSIsInJvbGUiOiJBZ2VudCIsImlhdCI6MTc3OTU2NDQyOCwiZXhwIjoxNzc5NjUwODI4fQ.SORGlZ2IxoKNOPllu_qeTt1hN79NgY5GuGzX60cxzkc,01700000001,01700000007,
eyJhbGciOiJIUzI1NiIsInR5cCI6IkpXVCJ9.eyJpZGVudGlmaWVyIjoicml5YWRuYWhpbjErYWdlbnQyQGdtYWlsLmNvbSIsInJvbGUiOiJBZ2VudCIsImlhdCI6MTc3OTU2NDQ1MSwiZXhwIjoxNzc5NjUwODUxfQ.JauGjvky3FAUnSUxVT5PpyBwD-01rpWjTGFsv0-D9G0,01700000002,01700000008,
eyJhbGciOiJIUzI1NiIsInR5cCI6IkpXVCJ9.eyJpZGVudGlmaWVyIjoicml5YWRuYWhpbjErYWdlbnQyQGdtYWlsLmNvbSIsInJvbGUiOiJBZ2VudCIsImlhdCI6MTc3OTU2NDQ1MSwiZXhwIjoxNzc5NjUwODUxfQ.JauGjvky3FAUnSUxVT5PpyBwD-01rpWjTGFsv0-D9G0,01700000002,01700000009,
eyJhbGciOiJIUzI1NiIsInR5cCI6IkpXVCJ9.eyJpZGVudGlmaWVyIjoicml5YWRuYWhpbjErYWdlbnQzQGdtYWlsLmNvbSIsInJvbGUiOiJBZ2VudCIsImlhdCI6MTc3OTU2NDQ2NywiZXhwIjoxNzc5NjUwODY3fQ.ih7RRGzLfnKG24TvJYJCivq1gNieTtnSce_OZHV5OSA,01700000003,01700000010,
eyJhbGciOiJIUzI1NiIsInR5cCI6IkpXVCJ9.eyJpZGVudGlmaWVyIjoicml5YWRuYWhpbjErYWdlbnQzQGdtYWlsLmNvbSIsInJvbGUiOiJBZ2VudCIsImlhdCI6MTc3OTU2NDQ2NywiZXhwIjoxNzc5NjUwODY3fQ.ih7RRGzLfnKG24TvJYJCivq1gNieTtnSce_OZHV5OSA,01700000003,01700000011,
eyJhbGciOiJIUzI1NiIsInR5cCI6IkpXVCJ9.eyJpZGVudGlmaWVyIjoicml5YWRuYWhpbjErYWdlbnQ0QGdtYWlsLmNvbSIsInJvbGUiOiJBZ2VudCIsImlhdCI6MTc3OTU2NDQ4NCwiZXhwIjoxNzc5NjUwODg0fQ.1I9_gnhRw_ZFx2ZnzoovNLUvkYO10lblvHs7QyLwViU,01700000004,01700000012,
eyJhbGciOiJIUzI1NiIsInR5cCI6IkpXVCJ9.eyJpZGVudGlmaWVyIjoicml5YWRuYWhpbjErYWdlbnQ0QGdtYWlsLmNvbSIsInJvbGUiOiJBZ2VudCIsImlhdCI6MTc3OTU2NDQ4NCwiZXhwIjoxNzc5NjUwODg0fQ.1I9_gnhRw_ZFx2ZnzoovNLUvkYO10lblvHs7QyLwViU,01700000004,01700000013,
eyJhbGciOiJIUzI1NiIsInR5cCI6IkpXVCJ9.eyJpZGVudGlmaWVyIjoicml5YWRuYWhpbjErYWdlbnQ1QGdtYWlsLmNvbSIsInJvbGUiOiJBZ2VudCIsImlhdCI6MTc3OTU2NDQ5NiwiZXhwIjoxNzc5NjUwODk2fQ.QW2_yCayUlXZ11uclPWnZOvHa4fAzQYv5kykCkllbSk,01700000005,01700000014,
eyJhbGciOiJIUzI1NiIsInR5cCI6IkpXVCJ9.eyJpZGVudGlmaWVyIjoicml5YWRuYWhpbjErYWdlbnQ1QGdtYWlsLmNvbSIsInJvbGUiOiJBZ2VudCIsImlhdCI6MTc3OTU2NDQ5NiwiZXhwIjoxNzc5NjUwODk2fQ.QW2_yCayUlXZ11uclPWnZOvHa4fAzQYv5kykCkllbSk,01700000005,01700000015,